fruit,aspect,color
0,1.04812375,29.88844912
0,0.990561454,29.01464018
0,0.966201552,39.11174428
0,1.071152871,29.78067192
1,2.871126543,50.81212729
1,4.814504707,45.05309173
1,3.290565868,50.10722055
1,3.81800288,41.22132398
2,1.106986331,31.71801177
2,1.216419037,27.744747
2,1.25720482,36.73746784
2,1.504731979,23.36346739
3,1.160253038,47.20023849
3,1.531491303,49.65788335
3,0.995838201,52.2819808
3,1.293519903,56.061364
